잡곡밥,22,2,588,473,Img_076_0000.JPG,640,480
잡곡밥,61,74,375,271,Img_076_0001.jpg,493,413
잡곡밥,12,65,728,426,Img_076_0002.jpg,740,493
잡곡밥,69,18,553,538,Img_076_0003.jpg,900,596
잡곡밥,10,37,474,315,Img_076_0004.JPG,500,375
잡곡밥,122,62,273,182,Img_076_0005.jpg,601,401
잡곡밥,22,276,465,382,Img_076_0006.jpg,525,700
잡곡밥,75,48,304,127,Img_076_0007.jpg,450,312
잡곡밥,110,69,349,305,Img_076_0008.jpg,546,410
잡곡밥,289,304,265,165,Img_076_0009.jpg,689,661
잡곡밥,17,28,204,158,Img_076_0010.jpg,250,236
잡곡밥,43,24,224,202,Img_076_0011.jpg,317,239
잡곡밥,78,30,596,498,Img_076_0012.JPG,800,533
잡곡밥,27,127,152,156,Img_076_0013.jpg,550,317
잡곡밥,231,127,143,143,Img_076_0013.jpg,550,317
잡곡밥,411,146,119,125,Img_076_0013.jpg,550,317
잡곡밥,113,49,499,275,Img_076_0014.jpg,640,481
잡곡밥,43,157,155,113,Img_076_0016.jpg,240,372
잡곡밥,91,54,247,199,Img_076_0017.jpg,480,333
잡곡밥,84,40,211,198,Img_076_0018.jpg,380,266
잡곡밥,13,6,616,457,Img_076_0019.jpg,640,480
잡곡밥,55,13,186,122,Img_076_0020.jpg,263,204
잡곡밥,131,133,247,171,Img_076_0021.jpg,500,393
잡곡밥,124,21,384,308,Img_076_0022.jpg,630,378
잡곡밥,4,6,506,383,Img_076_0023.jpg,517,397
잡곡밥,152,50,246,104,Img_076_0024.jpg,398,325
잡곡밥,33,4,398,272,Img_076_0025.jpg,500,281
잡곡밥,72,49,451,324,Img_076_0026.jpg,630,378
잡곡밥,24,87,160,131,Img_076_0027.jpg,198,240
잡곡밥,60,10,341,301,Img_076_0028.jpg,444,327
잡곡밥,90,42,212,134,Img_076_0029.jpg,395,271
잡곡밥,30,36,195,172,Img_076_0030.jpg,250,220
잡곡밥,20,25,202,143,Img_076_0031.jpg,250,228
잡곡밥,86,238,302,275,Img_076_0032.jpg,1024,768
잡곡밥,174,157,490,391,Img_076_0033.jpg,900,596
잡곡밥,111,48,270,176,Img_076_0034.jpg,482,321
잡곡밥,17,45,167,74,Img_076_0035.jpg,200,200
잡곡밥,20,37,163,94,Img_076_0036.jpg,200,200
잡곡밥,214,281,210,207,Img_076_0037.png,720,539
잡곡밥,58,221,411,308,Img_076_0038.jpg,530,800
잡곡밥,32,150,231,158,Img_076_0039.jpg,290,400
잡곡밥,62,65,239,188,Img_076_0040.jpg,393,400
잡곡밥,0,1,250,220,Img_076_0041.jpg,250,250
잡곡밥,27,474,866,651,Img_076_0042.JPG,900,1344
잡곡밥,101,57,143,81,Img_076_0043.jpg,300,217
잡곡밥,20,2,803,562,Img_076_0044.JPG,900,1208
잡곡밥,136,625,653,545,Img_076_0044.JPG,900,1208
잡곡밥,352,201,239,167,Img_076_0046.png,800,533
잡곡밥,183,212,617,725,Img_076_0047.JPG,800,1066
잡곡밥,212,152,708,510,Img_076_0048.jpg,1134,752
잡곡밥,131,72,494,365,Img_076_0049.jpg,774,514
잡곡밥,338,92,259,189,Img_076_0051.jpg,600,402
잡곡밥,112,113,416,232,Img_076_0052.jpg,640,480
잡곡밥,124,5,281,193,Img_076_0053.jpg,500,375
잡곡밥,169,107,286,235,Img_076_0054.jpg,500,375
잡곡밥,19,72,473,415,Img_076_0055.jpg,500,500
잡곡밥,67,254,61,78,Img_076_0056.jpg,500,375
잡곡밥,362,257,69,68,Img_076_0056.jpg,500,375
잡곡밥,215,274,118,120,Img_076_0057.jpg,494,500
잡곡밥,62,213,368,156,Img_076_0058.jpg,500,375
잡곡밥,146,15,122,119,Img_076_0059.jpg,375,500
잡곡밥,51,66,155,164,Img_076_0060.jpg,375,500
잡곡밥,48,160,116,173,Img_076_0062.jpg,500,373
잡곡밥,129,203,120,120,Img_076_0063.jpg,500,375
잡곡밥,3,58,491,317,Img_076_0064.jpg,500,375
잡곡밥,107,206,150,152,Img_076_0065.jpg,500,375
잡곡밥,36,74,429,230,Img_076_0066.jpg,500,319
잡곡밥,80,135,191,94,Img_076_0067.jpg,400,312
잡곡밥,178,42,99,66,Img_076_0067.jpg,400,312
잡곡밥,103,61,395,291,Img_076_0068.jpg,620,412
잡곡밥,116,76,276,172,Img_076_0069.jpg,472,317
잡곡밥,45,5,655,410,Img_076_0070.jpg,743,417
잡곡밥,95,46,209,127,Img_076_0071.jpg,395,271
잡곡밥,45,46,409,385,Img_076_0072.jpg,500,457
잡곡밥,132,13,456,319,Img_076_0073.jpg,600,400
잡곡밥,115,58,496,260,Img_076_0074.jpg,640,481
잡곡밥,163,84,460,319,Img_076_0075.jpg,764,509
잡곡밥,57,24,504,367,Img_076_0076.jpg,640,426
잡곡밥,31,40,327,183,Img_076_0077.jpg,400,266
잡곡밥,48,67,357,177,Img_076_0078.jpg,448,348
잡곡밥,91,71,517,368,Img_076_0079.jpg,740,493
잡곡밥,83,44,207,197,Img_076_0080.jpg,380,266
잡곡밥,151,53,247,101,Img_076_0081.jpg,398,325
잡곡밥,55,83,204,153,Img_076_0082.jpg,400,266
잡곡밥,20,13,496,282,Img_076_0083.jpg,572,309
잡곡밥,34,79,767,464,Img_076_0084.jpg,820,546
잡곡밥,98,55,426,449,Img_076_0085.jpg,583,600
잡곡밥,45,78,391,275,Img_076_0086.jpg,493,413
잡곡밥,136,104,262,160,Img_076_0087.jpg,530,360
잡곡밥,178,122,455,194,Img_076_0088.jpg,760,506
잡곡밥,79,40,358,313,Img_076_0089.jpg,548,450
잡곡밥,88,53,261,212,Img_076_0090.jpg,489,339
잡곡밥,38,78,280,150,Img_076_0091.jpg,322,350
잡곡밥,40,49,266,207,Img_076_0092.jpg,311,296
잡곡밥,143,103,389,176,Img_076_0093.jpg,690,428
잡곡밥,77,81,267,177,Img_076_0094.jpg,550,367
잡곡밥,67,134,617,333,Img_076_0095.jpg,800,531
잡곡밥,2,68,256,112,Img_076_0096.jpg,397,396
잡곡밥,65,25,446,355,Img_076_0097.jpg,550,413
잡곡밥,25,221,299,187,Img_076_0098.jpg,480,535
잡곡밥,206,109,307,207,Img_076_0099.jpg,700,467
잡곡밥,258,180,412,293,Img_076_0100.jpg,960,640
잡곡밥,124,22,386,313,Img_076_0102.jpg,630,378
잡곡밥,2,0,620,540,Img_076_0103.jpg,740,555
잡곡밥,76,26,504,448,Img_076_0104.jpg,640,480
잡곡밥,2,55,374,273,Img_076_0105.jpg,500,333
잡곡밥,494,6,253,132,Img_076_0106.jpg,800,324
잡곡밥,95,47,564,417,Img_076_0107.jpg,773,563
잡곡밥,7,81,690,455,Img_076_0108.jpg,813,542
잡곡밥,98,137,401,277,Img_076_0109.jpg,800,533
잡곡밥,41,13,491,372,Img_076_0110.jpg,550,412
잡곡밥,102,39,378,201,Img_076_0111.jpg,580,410
잡곡밥,105,130,298,153,Img_076_0112.jpg,600,462
잡곡밥,22,33,448,297,Img_076_0113.jpg,495,372
잡곡밥,187,78,270,266,Img_076_0114.jpg,567,425
잡곡밥,9,18,516,293,Img_076_0115.jpg,533,424
잡곡밥,209,96,375,312,Img_076_0116.jpg,740,492
잡곡밥,34,0,390,276,Img_076_0117.jpg,500,281
잡곡밥,57,113,535,340,Img_076_0118.jpg,700,525
잡곡밥,48,72,229,178,Img_076_0119.jpg,320,320
잡곡밥,66,154,175,101,Img_076_0120.jpg,300,300
잡곡밥,181,148,200,134,Img_076_0121.jpg,550,379
잡곡밥,30,4,579,470,Img_076_0122.jpg,640,480
잡곡밥,2,4,698,494,Img_076_0123.jpg,700,499
잡곡밥,44,246,623,451,Img_076_0124.jpg,740,986
잡곡밥,13,33,485,324,Img_076_0125.jpg,640,436
잡곡밥,164,50,424,427,Img_076_0126.jpg,740,514
잡곡밥,155,45,534,499,Img_076_0127.jpg,900,600
잡곡밥,110,57,442,208,Img_076_0128.jpg,640,480
잡곡밥,235,194,377,291,Img_076_0129.jpg,740,493
잡곡밥,57,16,634,472,Img_076_0130.jpg,740,493
잡곡밥,103,71,358,300,Img_076_0131.jpg,590,406
잡곡밥,0,40,550,373,Img_076_0132.jpg,550,413
잡곡밥,189,150,440,367,Img_076_0133.jpg,789,900
잡곡밥,104,116,306,160,Img_076_0134.jpg,550,386
잡곡밥,16,174,72,42,Img_076_0135.jpg,404,404
잡곡밥,314,41,75,44,Img_076_0135.jpg,404,404
잡곡밥,319,303,66,45,Img_076_0135.jpg,404,404
잡곡밥,22,173,122,124,Img_076_0136.jpg,480,320
잡곡밥,50,196,266,165,Img_076_0137.jpg,800,486
잡곡밥,141,40,367,243,Img_076_0138.jpg,640,428
잡곡밥,153,81,360,292,Img_076_0139.jpg,674,457
잡곡밥,709,615,2525,1836,Img_076_0140.jpg,3840,2560
잡곡밥,270,270,300,243,Img_076_0141.jpg,900,675
잡곡밥,64,129,274,290,Img_076_0142.jpg,740,555
잡곡밥,424,136,285,283,Img_076_0142.jpg,740,555
잡곡밥,51,7,705,515,Img_076_0143.jpg,800,532
잡곡밥,110,187,616,360,Img_076_0144.jpg,851,594
잡곡밥,28,129,155,151,Img_076_0145.jpg,550,317
잡곡밥,233,127,140,146,Img_076_0145.jpg,550,317
잡곡밥,402,143,131,129,Img_076_0145.jpg,550,317
잡곡밥,0,0,1200,798,Img_076_0146.jpg,1200,798
잡곡밥,71,73,488,289,Img_076_0147.jpg,640,424
잡곡밥,205,122,463,409,Img_076_0148.jpg,900,600
잡곡밥,314,374,195,148,Img_076_0150.jpg,620,663
잡곡밥,390,210,197,125,Img_076_0150.jpg,620,663
잡곡밥,78,274,191,143,Img_076_0150.jpg,620,663
잡곡밥,167,124,175,110,Img_076_0150.jpg,620,663
잡곡밥,25,15,115,79,Img_076_0152.jpg,560,316
잡곡밥,94,65,137,93,Img_076_0152.jpg,560,316
잡곡밥,55,246,55,54,Img_076_0152.jpg,560,316
잡곡밥,341,244,54,56,Img_076_0152.jpg,560,316
잡곡밥,291,132,129,99,Img_076_0153.jpg,570,319
잡곡밥,5,19,707,537,Img_076_0154.jpg,743,557
잡곡밥,170,90,422,392,Img_076_0155.jpg,800,531
잡곡밥,70,202,256,163,Img_076_0156.jpg,800,531
잡곡밥,25,163,505,434,Img_076_0157.jpg,580,772
잡곡밥,98,287,201,140,Img_076_0158.jpg,740,493
잡곡밥,44,168,491,566,Img_076_0159.jpg,640,852
잡곡밥,86,70,126,151,Img_076_0160.jpg,400,300
잡곡밥,9,9,1015,1356,Img_076_0162.jpg,1024,1365
잡곡밥,73,5,645,410,Img_076_0163.jpg,740,416
잡곡밥,54,19,427,297,Img_076_0165.jpg,640,427
잡곡밥,41,10,479,403,Img_076_0166.jpg,634,422
잡곡밥,325,45,1325,843,Img_076_0167.jpg,1920,1088
잡곡밥,2,1,494,349,Img_076_0168.jpg,500,350
잡곡밥,20,227,192,72,Img_076_0169.jpg,300,300
잡곡밥,87,272,119,128,Img_076_0170.jpg,600,400
잡곡밥,118,215,496,452,Img_076_0171.jpg,700,826
잡곡밥,141,80,211,122,Img_076_0173.jpg,480,282
잡곡밥,90,172,268,207,Img_076_0174.jpg,480,480
잡곡밥,8,12,719,483,Img_076_0175.jpg,743,495
잡곡밥,156,723,467,252,Img_076_0176.jpg,1080,1080
잡곡밥,83,87,360,183,Img_076_0179.jpg,600,394
잡곡밥,86,15,528,387,Img_076_0180.jpg,740,444
잡곡밥,1749,1749,2104,530,Img_076_0181.jpg,5616,3744
잡곡밥,2257,892,1226,508,Img_076_0181.jpg,5616,3744
잡곡밥,92,76,471,312,Img_076_0182.jpg,700,466
잡곡밥,93,213,245,218,Img_076_0183.jpg,620,512
잡곡밥,41,51,298,155,Img_076_0184.jpg,400,300
잡곡밥,25,113,322,252,Img_076_0186.jpg,550,413
잡곡밥,126,349,243,212,Img_076_0190.jpg,900,663
잡곡밥,37,13,387,291,Img_076_0192.jpg,480,360
잡곡밥,54,27,323,222,Img_076_0193.jpg,412,263
잡곡밥,367,19,333,202,Img_076_0194.jpg,700,263
잡곡밥,71,41,230,140,Img_076_0194.jpg,700,263
잡곡밥,57,58,281,136,Img_076_0195.jpg,656,556
잡곡밥,147,83,313,222,Img_076_0196.jpg,640,427
잡곡밥,159,197,492,291,Img_076_0197.jpg,800,532
잡곡밥,235,120,258,264,Img_076_0200.jpg,700,467
잡곡밥,136,16,648,378,Img_076_0201.jpg,800,450
잡곡밥,31,28,428,311,Img_076_0202.jpg,480,357
잡곡밥,193,240,178,180,Img_076_0204.jpg,728,546
잡곡밥,286,155,255,226,Img_076_0206.jpg,800,449
잡곡밥,160,228,202,190,Img_076_0207.jpg,740,494
잡곡밥,170,40,327,306,Img_076_0209.jpg,642,429
잡곡밥,545,250,203,171,Img_076_0211.jpg,800,564
잡곡밥,131,88,549,390,Img_076_0212.jpg,743,495
잡곡밥,48,11,300,252,Img_076_0213.jpg,400,300
잡곡밥,95,207,193,152,Img_076_0214.jpg,550,412
잡곡밥,344,326,1208,621,Img_076_0215.jpg,1900,1069
잡곡밥,484,98,233,162,Img_076_0216.jpg,900,599
잡곡밥,105,129,358,161,Img_076_0217.jpg,640,425
잡곡밥,45,55,297,187,Img_076_0218.jpg,383,342
잡곡밥,210,140,294,230,Img_076_0220.jpg,740,491
잡곡밥,62,76,238,118,Img_076_0221.jpg,300,300
잡곡밥,114,129,92,79,Img_076_0222.jpg,400,264
잡곡밥,267,43,295,400,Img_076_0223.jpg,600,478
잡곡밥,80,118,470,360,Img_076_0224.jpg,700,525
잡곡밥,7,55,390,212,Img_076_0225.jpg,800,267
잡곡밥,51,20,247,263,Img_076_0228.jpg,400,299
잡곡밥,99,34,327,264,Img_076_0230.jpg,533,355
잡곡밥,21,500,186,186,Img_076_0231.jpg,1080,810
잡곡밥,597,17,172,119,Img_076_0231.jpg,1080,810
잡곡밥,155,101,693,603,Img_076_0233.jpg,960,720
잡곡밥,9,3,466,360,Img_076_0234.jpg,500,375
잡곡밥,3,6,393,269,Img_076_0235.jpg,400,300
잡곡밥,1,137,128,134,Img_076_0237.jpg,320,320
잡곡밥,89,175,266,235,Img_076_0238.jpg,750,500
잡곡밥,391,142,274,237,Img_076_0238.jpg,750,500
잡곡밥,4,101,767,383,Img_076_0239.jpg,773,515
잡곡밥,51,13,328,263,Img_076_0241.jpg,400,300
잡곡밥,141,8,518,472,Img_076_0242.jpg,740,493
잡곡밥,195,113,251,167,Img_076_0243.jpg,773,515
잡곡밥,59,57,460,398,Img_076_0244.jpg,600,467
잡곡밥,147,100,599,487,Img_076_0245.jpg,900,675
잡곡밥,41,170,341,300,Img_076_0247.jpg,728,485
잡곡밥,246,311,356,329,Img_076_0253.jpg,640,640
잡곡밥,62,195,233,207,Img_076_0254.jpg,740,514