<annotation>
	<folder>my-project-name</folder>
	<filename>Img_076_0056.jpg</filename>
	<path>/my-project-name/Img_076_0056.jpg</path>
	<source>
		<database>Unspecified</database>
	</source>
	<size>
		<width>500</width>
		<height>375</height>
		<depth>3</depth>
	</size>
	<object>
		<name>잡곡밥</name>
		<pose>Unspecified</pose>
		<truncated>Unspecified</truncated>
		<difficult>Unspecified</difficult>
		<bndbox>
			<xmin>67</xmin>
			<ymin>254</ymin>
			<xmax>129</xmax>
			<ymax>332</ymax>
		</bndbox>
	</object>
	<object>
		<name>잡곡밥</name>
		<pose>Unspecified</pose>
		<truncated>Unspecified</truncated>
		<difficult>Unspecified</difficult>
		<bndbox>
			<xmin>362</xmin>
			<ymin>257</ymin>
			<xmax>431</xmax>
			<ymax>326</ymax>
		</bndbox>
	</object>
</annotation>