<annotation>
	<folder>my-project-name</folder>
	<filename>Img_076_0153.jpg</filename>
	<path>/my-project-name/Img_076_0153.jpg</path>
	<source>
		<database>Unspecified</database>
	</source>
	<size>
		<width>570</width>
		<height>319</height>
		<depth>3</depth>
	</size>
	<object>
		<name>잡곡밥</name>
		<pose>Unspecified</pose>
		<truncated>Unspecified</truncated>
		<difficult>Unspecified</difficult>
		<bndbox>
			<xmin>291</xmin>
			<ymin>132</ymin>
			<xmax>420</xmax>
			<ymax>230</ymax>
		</bndbox>
	</object>
</annotation>