<annotation>
	<folder>my-project-name</folder>
	<filename>Img_076_0195.jpg</filename>
	<path>/my-project-name/Img_076_0195.jpg</path>
	<source>
		<database>Unspecified</database>
	</source>
	<size>
		<width>656</width>
		<height>556</height>
		<depth>3</depth>
	</size>
	<object>
		<name>잡곡밥</name>
		<pose>Unspecified</pose>
		<truncated>Unspecified</truncated>
		<difficult>Unspecified</difficult>
		<bndbox>
			<xmin>57</xmin>
			<ymin>58</ymin>
			<xmax>338</xmax>
			<ymax>194</ymax>
		</bndbox>
	</object>
</annotation>