<annotation>
	<folder>my-project-name</folder>
	<filename>Img_076_0144.jpg</filename>
	<path>/my-project-name/Img_076_0144.jpg</path>
	<source>
		<database>Unspecified</database>
	</source>
	<size>
		<width>851</width>
		<height>594</height>
		<depth>3</depth>
	</size>
	<object>
		<name>잡곡밥</name>
		<pose>Unspecified</pose>
		<truncated>Unspecified</truncated>
		<difficult>Unspecified</difficult>
		<bndbox>
			<xmin>110</xmin>
			<ymin>187</ymin>
			<xmax>726</xmax>
			<ymax>547</ymax>
		</bndbox>
	</object>
</annotation>