<annotation>
	<folder>my-project-name</folder>
	<filename>Img_076_0212.jpg</filename>
	<path>/my-project-name/Img_076_0212.jpg</path>
	<source>
		<database>Unspecified</database>
	</source>
	<size>
		<width>743</width>
		<height>495</height>
		<depth>3</depth>
	</size>
	<object>
		<name>잡곡밥</name>
		<pose>Unspecified</pose>
		<truncated>Unspecified</truncated>
		<difficult>Unspecified</difficult>
		<bndbox>
			<xmin>131</xmin>
			<ymin>88</ymin>
			<xmax>680</xmax>
			<ymax>478</ymax>
		</bndbox>
	</object>
</annotation>