<annotation>
	<folder>my-project-name</folder>
	<filename>Img_076_0081.jpg</filename>
	<path>/my-project-name/Img_076_0081.jpg</path>
	<source>
		<database>Unspecified</database>
	</source>
	<size>
		<width>398</width>
		<height>325</height>
		<depth>3</depth>
	</size>
	<object>
		<name>잡곡밥</name>
		<pose>Unspecified</pose>
		<truncated>Unspecified</truncated>
		<difficult>Unspecified</difficult>
		<bndbox>
			<xmin>151</xmin>
			<ymin>53</ymin>
			<xmax>398</xmax>
			<ymax>154</ymax>
		</bndbox>
	</object>
</annotation>