<annotation>
	<folder>my-project-name</folder>
	<filename>Img_076_0027.jpg</filename>
	<path>/my-project-name/Img_076_0027.jpg</path>
	<source>
		<database>Unspecified</database>
	</source>
	<size>
		<width>198</width>
		<height>240</height>
		<depth>3</depth>
	</size>
	<object>
		<name>잡곡밥</name>
		<pose>Unspecified</pose>
		<truncated>Unspecified</truncated>
		<difficult>Unspecified</difficult>
		<bndbox>
			<xmin>24</xmin>
			<ymin>87</ymin>
			<xmax>184</xmax>
			<ymax>219</ymax>
		</bndbox>
	</object>
</annotation>