<annotation>
	<folder>my-project-name</folder>
	<filename>Img_076_0174.jpg</filename>
	<path>/my-project-name/Img_076_0174.jpg</path>
	<source>
		<database>Unspecified</database>
	</source>
	<size>
		<width>480</width>
		<height>480</height>
		<depth>3</depth>
	</size>
	<object>
		<name>잡곡밥</name>
		<pose>Unspecified</pose>
		<truncated>Unspecified</truncated>
		<difficult>Unspecified</difficult>
		<bndbox>
			<xmin>90</xmin>
			<ymin>172</ymin>
			<xmax>358</xmax>
			<ymax>378</ymax>
		</bndbox>
	</object>
</annotation>