<annotation>
	<folder>my-project-name</folder>
	<filename>Img_076_0146.jpg</filename>
	<path>/my-project-name/Img_076_0146.jpg</path>
	<source>
		<database>Unspecified</database>
	</source>
	<size>
		<width>1200</width>
		<height>798</height>
		<depth>3</depth>
	</size>
	<object>
		<name>잡곡밥</name>
		<pose>Unspecified</pose>
		<truncated>Unspecified</truncated>
		<difficult>Unspecified</difficult>
		<bndbox>
			<xmin>0</xmin>
			<ymin>0</ymin>
			<xmax>1200</xmax>
			<ymax>798</ymax>
		</bndbox>
	</object>
</annotation>