<annotation>
	<folder>my-project-name</folder>
	<filename>Img_076_0013.jpg</filename>
	<path>/my-project-name/Img_076_0013.jpg</path>
	<source>
		<database>Unspecified</database>
	</source>
	<size>
		<width>550</width>
		<height>317</height>
		<depth>3</depth>
	</size>
	<object>
		<name>잡곡밥</name>
		<pose>Unspecified</pose>
		<truncated>Unspecified</truncated>
		<difficult>Unspecified</difficult>
		<bndbox>
			<xmin>27</xmin>
			<ymin>127</ymin>
			<xmax>179</xmax>
			<ymax>282</ymax>
		</bndbox>
	</object>
	<object>
		<name>잡곡밥</name>
		<pose>Unspecified</pose>
		<truncated>Unspecified</truncated>
		<difficult>Unspecified</difficult>
		<bndbox>
			<xmin>231</xmin>
			<ymin>127</ymin>
			<xmax>374</xmax>
			<ymax>269</ymax>
		</bndbox>
	</object>
	<object>
		<name>잡곡밥</name>
		<pose>Unspecified</pose>
		<truncated>Unspecified</truncated>
		<difficult>Unspecified</difficult>
		<bndbox>
			<xmin>411</xmin>
			<ymin>146</ymin>
			<xmax>530</xmax>
			<ymax>271</ymax>
		</bndbox>
	</object>
</annotation>