<annotation>
	<folder>my-project-name</folder>
	<filename>Img_076_0032.jpg</filename>
	<path>/my-project-name/Img_076_0032.jpg</path>
	<source>
		<database>Unspecified</database>
	</source>
	<size>
		<width>1024</width>
		<height>768</height>
		<depth>3</depth>
	</size>
	<object>
		<name>잡곡밥</name>
		<pose>Unspecified</pose>
		<truncated>Unspecified</truncated>
		<difficult>Unspecified</difficult>
		<bndbox>
			<xmin>86</xmin>
			<ymin>238</ymin>
			<xmax>388</xmax>
			<ymax>514</ymax>
		</bndbox>
	</object>
</annotation>