<annotation>
	<folder>my-project-name</folder>
	<filename>Img_076_0028.jpg</filename>
	<path>/my-project-name/Img_076_0028.jpg</path>
	<source>
		<database>Unspecified</database>
	</source>
	<size>
		<width>444</width>
		<height>327</height>
		<depth>3</depth>
	</size>
	<object>
		<name>잡곡밥</name>
		<pose>Unspecified</pose>
		<truncated>Unspecified</truncated>
		<difficult>Unspecified</difficult>
		<bndbox>
			<xmin>60</xmin>
			<ymin>10</ymin>
			<xmax>401</xmax>
			<ymax>310</ymax>
		</bndbox>
	</object>
</annotation>