<annotation>
	<folder>my-project-name</folder>
	<filename>Img_076_0012.JPG</filename>
	<path>/my-project-name/Img_076_0012.JPG</path>
	<source>
		<database>Unspecified</database>
	</source>
	<size>
		<width>800</width>
		<height>533</height>
		<depth>3</depth>
	</size>
	<object>
		<name>잡곡밥</name>
		<pose>Unspecified</pose>
		<truncated>Unspecified</truncated>
		<difficult>Unspecified</difficult>
		<bndbox>
			<xmin>78</xmin>
			<ymin>30</ymin>
			<xmax>674</xmax>
			<ymax>528</ymax>
		</bndbox>
	</object>
</annotation>