<annotation>
	<folder>my-project-name</folder>
	<filename>Img_076_0157.jpg</filename>
	<path>/my-project-name/Img_076_0157.jpg</path>
	<source>
		<database>Unspecified</database>
	</source>
	<size>
		<width>580</width>
		<height>772</height>
		<depth>3</depth>
	</size>
	<object>
		<name>잡곡밥</name>
		<pose>Unspecified</pose>
		<truncated>Unspecified</truncated>
		<difficult>Unspecified</difficult>
		<bndbox>
			<xmin>25</xmin>
			<ymin>163</ymin>
			<xmax>530</xmax>
			<ymax>598</ymax>
		</bndbox>
	</object>
</annotation>