<annotation>
	<folder>my-project-name</folder>
	<filename>Img_076_0092.jpg</filename>
	<path>/my-project-name/Img_076_0092.jpg</path>
	<source>
		<database>Unspecified</database>
	</source>
	<size>
		<width>311</width>
		<height>296</height>
		<depth>3</depth>
	</size>
	<object>
		<name>잡곡밥</name>
		<pose>Unspecified</pose>
		<truncated>Unspecified</truncated>
		<difficult>Unspecified</difficult>
		<bndbox>
			<xmin>40</xmin>
			<ymin>49</ymin>
			<xmax>306</xmax>
			<ymax>256</ymax>
		</bndbox>
	</object>
</annotation>