<annotation>
	<folder>my-project-name</folder>
	<filename>Img_076_0231.jpg</filename>
	<path>/my-project-name/Img_076_0231.jpg</path>
	<source>
		<database>Unspecified</database>
	</source>
	<size>
		<width>1080</width>
		<height>810</height>
		<depth>3</depth>
	</size>
	<object>
		<name>잡곡밥</name>
		<pose>Unspecified</pose>
		<truncated>Unspecified</truncated>
		<difficult>Unspecified</difficult>
		<bndbox>
			<xmin>21</xmin>
			<ymin>500</ymin>
			<xmax>207</xmax>
			<ymax>685</ymax>
		</bndbox>
	</object>
	<object>
		<name>잡곡밥</name>
		<pose>Unspecified</pose>
		<truncated>Unspecified</truncated>
		<difficult>Unspecified</difficult>
		<bndbox>
			<xmin>597</xmin>
			<ymin>17</ymin>
			<xmax>769</xmax>
			<ymax>136</ymax>
		</bndbox>
	</object>
</annotation>