<annotation>
	<folder>my-project-name</folder>
	<filename>Img_076_0039.jpg</filename>
	<path>/my-project-name/Img_076_0039.jpg</path>
	<source>
		<database>Unspecified</database>
	</source>
	<size>
		<width>290</width>
		<height>400</height>
		<depth>3</depth>
	</size>
	<object>
		<name>잡곡밥</name>
		<pose>Unspecified</pose>
		<truncated>Unspecified</truncated>
		<difficult>Unspecified</difficult>
		<bndbox>
			<xmin>32</xmin>
			<ymin>150</ymin>
			<xmax>263</xmax>
			<ymax>308</ymax>
		</bndbox>
	</object>
</annotation>