<annotation>
	<folder>my-project-name</folder>
	<filename>Img_076_0217.jpg</filename>
	<path>/my-project-name/Img_076_0217.jpg</path>
	<source>
		<database>Unspecified</database>
	</source>
	<size>
		<width>640</width>
		<height>425</height>
		<depth>3</depth>
	</size>
	<object>
		<name>잡곡밥</name>
		<pose>Unspecified</pose>
		<truncated>Unspecified</truncated>
		<difficult>Unspecified</difficult>
		<bndbox>
			<xmin>105</xmin>
			<ymin>129</ymin>
			<xmax>463</xmax>
			<ymax>290</ymax>
		</bndbox>
	</object>
</annotation>