<annotation>
	<folder>my-project-name</folder>
	<filename>Img_076_0237.jpg</filename>
	<path>/my-project-name/Img_076_0237.jpg</path>
	<source>
		<database>Unspecified</database>
	</source>
	<size>
		<width>320</width>
		<height>320</height>
		<depth>3</depth>
	</size>
	<object>
		<name>잡곡밥</name>
		<pose>Unspecified</pose>
		<truncated>Unspecified</truncated>
		<difficult>Unspecified</difficult>
		<bndbox>
			<xmin>1</xmin>
			<ymin>137</ymin>
			<xmax>129</xmax>
			<ymax>272</ymax>
		</bndbox>
	</object>
</annotation>