<annotation>
	<folder>my-project-name</folder>
	<filename>Img_076_0171.jpg</filename>
	<path>/my-project-name/Img_076_0171.jpg</path>
	<source>
		<database>Unspecified</database>
	</source>
	<size>
		<width>700</width>
		<height>826</height>
		<depth>3</depth>
	</size>
	<object>
		<name>잡곡밥</name>
		<pose>Unspecified</pose>
		<truncated>Unspecified</truncated>
		<difficult>Unspecified</difficult>
		<bndbox>
			<xmin>118</xmin>
			<ymin>215</ymin>
			<xmax>614</xmax>
			<ymax>667</ymax>
		</bndbox>
	</object>
</annotation>