<annotation>
	<folder>my-project-name</folder>
	<filename>Img_076_0090.jpg</filename>
	<path>/my-project-name/Img_076_0090.jpg</path>
	<source>
		<database>Unspecified</database>
	</source>
	<size>
		<width>489</width>
		<height>339</height>
		<depth>3</depth>
	</size>
	<object>
		<name>잡곡밥</name>
		<pose>Unspecified</pose>
		<truncated>Unspecified</truncated>
		<difficult>Unspecified</difficult>
		<bndbox>
			<xmin>88</xmin>
			<ymin>53</ymin>
			<xmax>349</xmax>
			<ymax>264</ymax>
		</bndbox>
	</object>
</annotation>