<annotation>
	<folder>my-project-name</folder>
	<filename>Img_076_0088.jpg</filename>
	<path>/my-project-name/Img_076_0088.jpg</path>
	<source>
		<database>Unspecified</database>
	</source>
	<size>
		<width>760</width>
		<height>506</height>
		<depth>3</depth>
	</size>
	<object>
		<name>잡곡밥</name>
		<pose>Unspecified</pose>
		<truncated>Unspecified</truncated>
		<difficult>Unspecified</difficult>
		<bndbox>
			<xmin>178</xmin>
			<ymin>122</ymin>
			<xmax>632</xmax>
			<ymax>317</ymax>
		</bndbox>
	</object>
</annotation>