<annotation>
	<folder>my-project-name</folder>
	<filename>Img_076_0160.jpg</filename>
	<path>/my-project-name/Img_076_0160.jpg</path>
	<source>
		<database>Unspecified</database>
	</source>
	<size>
		<width>400</width>
		<height>300</height>
		<depth>3</depth>
	</size>
	<object>
		<name>잡곡밥</name>
		<pose>Unspecified</pose>
		<truncated>Unspecified</truncated>
		<difficult>Unspecified</difficult>
		<bndbox>
			<xmin>86</xmin>
			<ymin>70</ymin>
			<xmax>212</xmax>
			<ymax>221</ymax>
		</bndbox>
	</object>
</annotation>