<annotation>
	<folder>my-project-name</folder>
	<filename>Img_076_0155.jpg</filename>
	<path>/my-project-name/Img_076_0155.jpg</path>
	<source>
		<database>Unspecified</database>
	</source>
	<size>
		<width>800</width>
		<height>531</height>
		<depth>3</depth>
	</size>
	<object>
		<name>잡곡밥</name>
		<pose>Unspecified</pose>
		<truncated>Unspecified</truncated>
		<difficult>Unspecified</difficult>
		<bndbox>
			<xmin>170</xmin>
			<ymin>90</ymin>
			<xmax>591</xmax>
			<ymax>482</ymax>
		</bndbox>
	</object>
</annotation>