<annotation>
	<folder>my-project-name</folder>
	<filename>Img_076_0209.jpg</filename>
	<path>/my-project-name/Img_076_0209.jpg</path>
	<source>
		<database>Unspecified</database>
	</source>
	<size>
		<width>642</width>
		<height>429</height>
		<depth>3</depth>
	</size>
	<object>
		<name>잡곡밥</name>
		<pose>Unspecified</pose>
		<truncated>Unspecified</truncated>
		<difficult>Unspecified</difficult>
		<bndbox>
			<xmin>170</xmin>
			<ymin>40</ymin>
			<xmax>497</xmax>
			<ymax>346</ymax>
		</bndbox>
	</object>
</annotation>