<annotation>
	<folder>my-project-name</folder>
	<filename>Img_076_0018.jpg</filename>
	<path>/my-project-name/Img_076_0018.jpg</path>
	<source>
		<database>Unspecified</database>
	</source>
	<size>
		<width>380</width>
		<height>266</height>
		<depth>3</depth>
	</size>
	<object>
		<name>잡곡밥</name>
		<pose>Unspecified</pose>
		<truncated>Unspecified</truncated>
		<difficult>Unspecified</difficult>
		<bndbox>
			<xmin>84</xmin>
			<ymin>40</ymin>
			<xmax>296</xmax>
			<ymax>238</ymax>
		</bndbox>
	</object>
</annotation>