<annotation>
	<folder>my-project-name</folder>
	<filename>Img_076_0065.jpg</filename>
	<path>/my-project-name/Img_076_0065.jpg</path>
	<source>
		<database>Unspecified</database>
	</source>
	<size>
		<width>500</width>
		<height>375</height>
		<depth>3</depth>
	</size>
	<object>
		<name>잡곡밥</name>
		<pose>Unspecified</pose>
		<truncated>Unspecified</truncated>
		<difficult>Unspecified</difficult>
		<bndbox>
			<xmin>107</xmin>
			<ymin>206</ymin>
			<xmax>256</xmax>
			<ymax>358</ymax>
		</bndbox>
	</object>
</annotation>