<annotation>
	<folder>my-project-name</folder>
	<filename>Img_076_0001.jpg</filename>
	<path>/my-project-name/Img_076_0001.jpg</path>
	<source>
		<database>Unspecified</database>
	</source>
	<size>
		<width>493</width>
		<height>413</height>
		<depth>3</depth>
	</size>
	<object>
		<name>잡곡밥</name>
		<pose>Unspecified</pose>
		<truncated>Unspecified</truncated>
		<difficult>Unspecified</difficult>
		<bndbox>
			<xmin>61</xmin>
			<ymin>74</ymin>
			<xmax>436</xmax>
			<ymax>344</ymax>
		</bndbox>
	</object>
</annotation>