<annotation>
	<folder>my-project-name</folder>
	<filename>Img_076_0005.jpg</filename>
	<path>/my-project-name/Img_076_0005.jpg</path>
	<source>
		<database>Unspecified</database>
	</source>
	<size>
		<width>601</width>
		<height>401</height>
		<depth>3</depth>
	</size>
	<object>
		<name>잡곡밥</name>
		<pose>Unspecified</pose>
		<truncated>Unspecified</truncated>
		<difficult>Unspecified</difficult>
		<bndbox>
			<xmin>122</xmin>
			<ymin>62</ymin>
			<xmax>394</xmax>
			<ymax>243</ymax>
		</bndbox>
	</object>
</annotation>