<annotation>
	<folder>my-project-name</folder>
	<filename>Img_076_0071.jpg</filename>
	<path>/my-project-name/Img_076_0071.jpg</path>
	<source>
		<database>Unspecified</database>
	</source>
	<size>
		<width>395</width>
		<height>271</height>
		<depth>3</depth>
	</size>
	<object>
		<name>잡곡밥</name>
		<pose>Unspecified</pose>
		<truncated>Unspecified</truncated>
		<difficult>Unspecified</difficult>
		<bndbox>
			<xmin>95</xmin>
			<ymin>46</ymin>
			<xmax>304</xmax>
			<ymax>173</ymax>
		</bndbox>
	</object>
</annotation>