<annotation>
	<folder>my-project-name</folder>
	<filename>Img_076_0202.jpg</filename>
	<path>/my-project-name/Img_076_0202.jpg</path>
	<source>
		<database>Unspecified</database>
	</source>
	<size>
		<width>480</width>
		<height>357</height>
		<depth>3</depth>
	</size>
	<object>
		<name>잡곡밥</name>
		<pose>Unspecified</pose>
		<truncated>Unspecified</truncated>
		<difficult>Unspecified</difficult>
		<bndbox>
			<xmin>31</xmin>
			<ymin>28</ymin>
			<xmax>459</xmax>
			<ymax>339</ymax>
		</bndbox>
	</object>
</annotation>