<annotation>
	<folder>my-project-name</folder>
	<filename>Img_076_0201.jpg</filename>
	<path>/my-project-name/Img_076_0201.jpg</path>
	<source>
		<database>Unspecified</database>
	</source>
	<size>
		<width>800</width>
		<height>450</height>
		<depth>3</depth>
	</size>
	<object>
		<name>잡곡밥</name>
		<pose>Unspecified</pose>
		<truncated>Unspecified</truncated>
		<difficult>Unspecified</difficult>
		<bndbox>
			<xmin>136</xmin>
			<ymin>16</ymin>
			<xmax>784</xmax>
			<ymax>395</ymax>
		</bndbox>
	</object>
</annotation>