<annotation>
	<folder>my-project-name</folder>
	<filename>Img_076_0084.jpg</filename>
	<path>/my-project-name/Img_076_0084.jpg</path>
	<source>
		<database>Unspecified</database>
	</source>
	<size>
		<width>820</width>
		<height>546</height>
		<depth>3</depth>
	</size>
	<object>
		<name>잡곡밥</name>
		<pose>Unspecified</pose>
		<truncated>Unspecified</truncated>
		<difficult>Unspecified</difficult>
		<bndbox>
			<xmin>34</xmin>
			<ymin>79</ymin>
			<xmax>801</xmax>
			<ymax>543</ymax>
		</bndbox>
	</object>
</annotation>