<annotation>
	<folder>my-project-name</folder>
	<filename>Img_076_0152.jpg</filename>
	<path>/my-project-name/Img_076_0152.jpg</path>
	<source>
		<database>Unspecified</database>
	</source>
	<size>
		<width>560</width>
		<height>316</height>
		<depth>3</depth>
	</size>
	<object>
		<name>잡곡밥</name>
		<pose>Unspecified</pose>
		<truncated>Unspecified</truncated>
		<difficult>Unspecified</difficult>
		<bndbox>
			<xmin>25</xmin>
			<ymin>15</ymin>
			<xmax>140</xmax>
			<ymax>94</ymax>
		</bndbox>
	</object>
	<object>
		<name>잡곡밥</name>
		<pose>Unspecified</pose>
		<truncated>Unspecified</truncated>
		<difficult>Unspecified</difficult>
		<bndbox>
			<xmin>94</xmin>
			<ymin>65</ymin>
			<xmax>232</xmax>
			<ymax>157</ymax>
		</bndbox>
	</object>
	<object>
		<name>잡곡밥</name>
		<pose>Unspecified</pose>
		<truncated>Unspecified</truncated>
		<difficult>Unspecified</difficult>
		<bndbox>
			<xmin>55</xmin>
			<ymin>246</ymin>
			<xmax>110</xmax>
			<ymax>300</ymax>
		</bndbox>
	</object>
	<object>
		<name>잡곡밥</name>
		<pose>Unspecified</pose>
		<truncated>Unspecified</truncated>
		<difficult>Unspecified</difficult>
		<bndbox>
			<xmin>341</xmin>
			<ymin>244</ymin>
			<xmax>394</xmax>
			<ymax>300</ymax>
		</bndbox>
	</object>
</annotation>