<annotation>
	<folder>my-project-name</folder>
	<filename>Img_076_0170.jpg</filename>
	<path>/my-project-name/Img_076_0170.jpg</path>
	<source>
		<database>Unspecified</database>
	</source>
	<size>
		<width>600</width>
		<height>400</height>
		<depth>3</depth>
	</size>
	<object>
		<name>잡곡밥</name>
		<pose>Unspecified</pose>
		<truncated>Unspecified</truncated>
		<difficult>Unspecified</difficult>
		<bndbox>
			<xmin>87</xmin>
			<ymin>272</ymin>
			<xmax>206</xmax>
			<ymax>400</ymax>
		</bndbox>
	</object>
</annotation>