<annotation>
	<folder>my-project-name</folder>
	<filename>Img_076_0150.jpg</filename>
	<path>/my-project-name/Img_076_0150.jpg</path>
	<source>
		<database>Unspecified</database>
	</source>
	<size>
		<width>620</width>
		<height>663</height>
		<depth>3</depth>
	</size>
	<object>
		<name>잡곡밥</name>
		<pose>Unspecified</pose>
		<truncated>Unspecified</truncated>
		<difficult>Unspecified</difficult>
		<bndbox>
			<xmin>314</xmin>
			<ymin>374</ymin>
			<xmax>510</xmax>
			<ymax>522</ymax>
		</bndbox>
	</object>
	<object>
		<name>잡곡밥</name>
		<pose>Unspecified</pose>
		<truncated>Unspecified</truncated>
		<difficult>Unspecified</difficult>
		<bndbox>
			<xmin>390</xmin>
			<ymin>210</ymin>
			<xmax>587</xmax>
			<ymax>335</ymax>
		</bndbox>
	</object>
	<object>
		<name>잡곡밥</name>
		<pose>Unspecified</pose>
		<truncated>Unspecified</truncated>
		<difficult>Unspecified</difficult>
		<bndbox>
			<xmin>78</xmin>
			<ymin>274</ymin>
			<xmax>269</xmax>
			<ymax>418</ymax>
		</bndbox>
	</object>
	<object>
		<name>잡곡밥</name>
		<pose>Unspecified</pose>
		<truncated>Unspecified</truncated>
		<difficult>Unspecified</difficult>
		<bndbox>
			<xmin>167</xmin>
			<ymin>124</ymin>
			<xmax>341</xmax>
			<ymax>234</ymax>
		</bndbox>
	</object>
</annotation>