<annotation>
	<folder>my-project-name</folder>
	<filename>Img_076_0094.jpg</filename>
	<path>/my-project-name/Img_076_0094.jpg</path>
	<source>
		<database>Unspecified</database>
	</source>
	<size>
		<width>550</width>
		<height>367</height>
		<depth>3</depth>
	</size>
	<object>
		<name>잡곡밥</name>
		<pose>Unspecified</pose>
		<truncated>Unspecified</truncated>
		<difficult>Unspecified</difficult>
		<bndbox>
			<xmin>77</xmin>
			<ymin>81</ymin>
			<xmax>344</xmax>
			<ymax>258</ymax>
		</bndbox>
	</object>
</annotation>