<annotation>
	<folder>my-project-name</folder>
	<filename>Img_076_0176.jpg</filename>
	<path>/my-project-name/Img_076_0176.jpg</path>
	<source>
		<database>Unspecified</database>
	</source>
	<size>
		<width>1080</width>
		<height>1080</height>
		<depth>3</depth>
	</size>
	<object>
		<name>잡곡밥</name>
		<pose>Unspecified</pose>
		<truncated>Unspecified</truncated>
		<difficult>Unspecified</difficult>
		<bndbox>
			<xmin>156</xmin>
			<ymin>723</ymin>
			<xmax>623</xmax>
			<ymax>975</ymax>
		</bndbox>
	</object>
</annotation>