<annotation>
	<folder>my-project-name</folder>
	<filename>Img_076_0181.jpg</filename>
	<path>/my-project-name/Img_076_0181.jpg</path>
	<source>
		<database>Unspecified</database>
	</source>
	<size>
		<width>5616</width>
		<height>3744</height>
		<depth>3</depth>
	</size>
	<object>
		<name>잡곡밥</name>
		<pose>Unspecified</pose>
		<truncated>Unspecified</truncated>
		<difficult>Unspecified</difficult>
		<bndbox>
			<xmin>1749</xmin>
			<ymin>1749</ymin>
			<xmax>3853</xmax>
			<ymax>2278</ymax>
		</bndbox>
	</object>
	<object>
		<name>잡곡밥</name>
		<pose>Unspecified</pose>
		<truncated>Unspecified</truncated>
		<difficult>Unspecified</difficult>
		<bndbox>
			<xmin>2257</xmin>
			<ymin>892</ymin>
			<xmax>3483</xmax>
			<ymax>1400</ymax>
		</bndbox>
	</object>
</annotation>