<annotation>
	<folder>my-project-name</folder>
	<filename>Img_076_0142.jpg</filename>
	<path>/my-project-name/Img_076_0142.jpg</path>
	<source>
		<database>Unspecified</database>
	</source>
	<size>
		<width>740</width>
		<height>555</height>
		<depth>3</depth>
	</size>
	<object>
		<name>잡곡밥</name>
		<pose>Unspecified</pose>
		<truncated>Unspecified</truncated>
		<difficult>Unspecified</difficult>
		<bndbox>
			<xmin>64</xmin>
			<ymin>129</ymin>
			<xmax>338</xmax>
			<ymax>419</ymax>
		</bndbox>
	</object>
	<object>
		<name>잡곡밥</name>
		<pose>Unspecified</pose>
		<truncated>Unspecified</truncated>
		<difficult>Unspecified</difficult>
		<bndbox>
			<xmin>424</xmin>
			<ymin>136</ymin>
			<xmax>708</xmax>
			<ymax>419</ymax>
		</bndbox>
	</object>
</annotation>