<annotation>
	<folder>my-project-name</folder>
	<filename>Img_076_0091.jpg</filename>
	<path>/my-project-name/Img_076_0091.jpg</path>
	<source>
		<database>Unspecified</database>
	</source>
	<size>
		<width>322</width>
		<height>350</height>
		<depth>3</depth>
	</size>
	<object>
		<name>잡곡밥</name>
		<pose>Unspecified</pose>
		<truncated>Unspecified</truncated>
		<difficult>Unspecified</difficult>
		<bndbox>
			<xmin>38</xmin>
			<ymin>78</ymin>
			<xmax>318</xmax>
			<ymax>228</ymax>
		</bndbox>
	</object>
</annotation>