<annotation>
	<folder>my-project-name</folder>
	<filename>Img_076_0100.jpg</filename>
	<path>/my-project-name/Img_076_0100.jpg</path>
	<source>
		<database>Unspecified</database>
	</source>
	<size>
		<width>960</width>
		<height>640</height>
		<depth>3</depth>
	</size>
	<object>
		<name>잡곡밥</name>
		<pose>Unspecified</pose>
		<truncated>Unspecified</truncated>
		<difficult>Unspecified</difficult>
		<bndbox>
			<xmin>258</xmin>
			<ymin>180</ymin>
			<xmax>670</xmax>
			<ymax>473</ymax>
		</bndbox>
	</object>
</annotation>