<annotation>
	<folder>my-project-name</folder>
	<filename>Img_076_0009.jpg</filename>
	<path>/my-project-name/Img_076_0009.jpg</path>
	<source>
		<database>Unspecified</database>
	</source>
	<size>
		<width>689</width>
		<height>661</height>
		<depth>3</depth>
	</size>
	<object>
		<name>잡곡밥</name>
		<pose>Unspecified</pose>
		<truncated>Unspecified</truncated>
		<difficult>Unspecified</difficult>
		<bndbox>
			<xmin>289</xmin>
			<ymin>304</ymin>
			<xmax>554</xmax>
			<ymax>468</ymax>
		</bndbox>
	</object>
</annotation>