<annotation>
	<folder>my-project-name</folder>
	<filename>Img_076_0211.jpg</filename>
	<path>/my-project-name/Img_076_0211.jpg</path>
	<source>
		<database>Unspecified</database>
	</source>
	<size>
		<width>800</width>
		<height>564</height>
		<depth>3</depth>
	</size>
	<object>
		<name>잡곡밥</name>
		<pose>Unspecified</pose>
		<truncated>Unspecified</truncated>
		<difficult>Unspecified</difficult>
		<bndbox>
			<xmin>545</xmin>
			<ymin>250</ymin>
			<xmax>747</xmax>
			<ymax>421</ymax>
		</bndbox>
	</object>
</annotation>