<annotation>
	<folder>my-project-name</folder>
	<filename>Img_076_0067.jpg</filename>
	<path>/my-project-name/Img_076_0067.jpg</path>
	<source>
		<database>Unspecified</database>
	</source>
	<size>
		<width>400</width>
		<height>312</height>
		<depth>3</depth>
	</size>
	<object>
		<name>잡곡밥</name>
		<pose>Unspecified</pose>
		<truncated>Unspecified</truncated>
		<difficult>Unspecified</difficult>
		<bndbox>
			<xmin>80</xmin>
			<ymin>135</ymin>
			<xmax>271</xmax>
			<ymax>228</ymax>
		</bndbox>
	</object>
	<object>
		<name>잡곡밥</name>
		<pose>Unspecified</pose>
		<truncated>Unspecified</truncated>
		<difficult>Unspecified</difficult>
		<bndbox>
			<xmin>178</xmin>
			<ymin>42</ymin>
			<xmax>277</xmax>
			<ymax>108</ymax>
		</bndbox>
	</object>
</annotation>