<annotation>
	<folder>my-project-name</folder>
	<filename>Img_076_0006.jpg</filename>
	<path>/my-project-name/Img_076_0006.jpg</path>
	<source>
		<database>Unspecified</database>
	</source>
	<size>
		<width>525</width>
		<height>700</height>
		<depth>3</depth>
	</size>
	<object>
		<name>잡곡밥</name>
		<pose>Unspecified</pose>
		<truncated>Unspecified</truncated>
		<difficult>Unspecified</difficult>
		<bndbox>
			<xmin>22</xmin>
			<ymin>276</ymin>
			<xmax>487</xmax>
			<ymax>658</ymax>
		</bndbox>
	</object>
</annotation>