<annotation>
	<folder>my-project-name</folder>
	<filename>Img_076_0003.jpg</filename>
	<path>/my-project-name/Img_076_0003.jpg</path>
	<source>
		<database>Unspecified</database>
	</source>
	<size>
		<width>900</width>
		<height>596</height>
		<depth>3</depth>
	</size>
	<object>
		<name>잡곡밥</name>
		<pose>Unspecified</pose>
		<truncated>Unspecified</truncated>
		<difficult>Unspecified</difficult>
		<bndbox>
			<xmin>69</xmin>
			<ymin>18</ymin>
			<xmax>622</xmax>
			<ymax>556</ymax>
		</bndbox>
	</object>
</annotation>