<annotation>
	<folder>my-project-name</folder>
	<filename>Img_076_0043.jpg</filename>
	<path>/my-project-name/Img_076_0043.jpg</path>
	<source>
		<database>Unspecified</database>
	</source>
	<size>
		<width>300</width>
		<height>217</height>
		<depth>3</depth>
	</size>
	<object>
		<name>잡곡밥</name>
		<pose>Unspecified</pose>
		<truncated>Unspecified</truncated>
		<difficult>Unspecified</difficult>
		<bndbox>
			<xmin>101</xmin>
			<ymin>57</ymin>
			<xmax>243</xmax>
			<ymax>138</ymax>
		</bndbox>
	</object>
</annotation>