<annotation>
	<folder>my-project-name</folder>
	<filename>Img_076_0239.jpg</filename>
	<path>/my-project-name/Img_076_0239.jpg</path>
	<source>
		<database>Unspecified</database>
	</source>
	<size>
		<width>773</width>
		<height>515</height>
		<depth>3</depth>
	</size>
	<object>
		<name>잡곡밥</name>
		<pose>Unspecified</pose>
		<truncated>Unspecified</truncated>
		<difficult>Unspecified</difficult>
		<bndbox>
			<xmin>4</xmin>
			<ymin>101</ymin>
			<xmax>771</xmax>
			<ymax>483</ymax>
		</bndbox>
	</object>
</annotation>