<annotation>
	<folder>my-project-name</folder>
	<filename>Img_076_0030.jpg</filename>
	<path>/my-project-name/Img_076_0030.jpg</path>
	<source>
		<database>Unspecified</database>
	</source>
	<size>
		<width>250</width>
		<height>220</height>
		<depth>3</depth>
	</size>
	<object>
		<name>잡곡밥</name>
		<pose>Unspecified</pose>
		<truncated>Unspecified</truncated>
		<difficult>Unspecified</difficult>
		<bndbox>
			<xmin>30</xmin>
			<ymin>36</ymin>
			<xmax>225</xmax>
			<ymax>208</ymax>
		</bndbox>
	</object>
</annotation>