<annotation>
	<folder>my-project-name</folder>
	<filename>Img_076_0083.jpg</filename>
	<path>/my-project-name/Img_076_0083.jpg</path>
	<source>
		<database>Unspecified</database>
	</source>
	<size>
		<width>572</width>
		<height>309</height>
		<depth>3</depth>
	</size>
	<object>
		<name>잡곡밥</name>
		<pose>Unspecified</pose>
		<truncated>Unspecified</truncated>
		<difficult>Unspecified</difficult>
		<bndbox>
			<xmin>20</xmin>
			<ymin>13</ymin>
			<xmax>516</xmax>
			<ymax>296</ymax>
		</bndbox>
	</object>
</annotation>