<annotation>
	<folder>my-project-name</folder>
	<filename>Img_076_0230.jpg</filename>
	<path>/my-project-name/Img_076_0230.jpg</path>
	<source>
		<database>Unspecified</database>
	</source>
	<size>
		<width>533</width>
		<height>355</height>
		<depth>3</depth>
	</size>
	<object>
		<name>잡곡밥</name>
		<pose>Unspecified</pose>
		<truncated>Unspecified</truncated>
		<difficult>Unspecified</difficult>
		<bndbox>
			<xmin>99</xmin>
			<ymin>34</ymin>
			<xmax>426</xmax>
			<ymax>298</ymax>
		</bndbox>
	</object>
</annotation>