<annotation>
	<folder>my-project-name</folder>
	<filename>Img_076_0167.jpg</filename>
	<path>/my-project-name/Img_076_0167.jpg</path>
	<source>
		<database>Unspecified</database>
	</source>
	<size>
		<width>1920</width>
		<height>1088</height>
		<depth>3</depth>
	</size>
	<object>
		<name>잡곡밥</name>
		<pose>Unspecified</pose>
		<truncated>Unspecified</truncated>
		<difficult>Unspecified</difficult>
		<bndbox>
			<xmin>325</xmin>
			<ymin>45</ymin>
			<xmax>1650</xmax>
			<ymax>889</ymax>
		</bndbox>
	</object>
</annotation>