<annotation>
	<folder>my-project-name</folder>
	<filename>Img_076_0216.jpg</filename>
	<path>/my-project-name/Img_076_0216.jpg</path>
	<source>
		<database>Unspecified</database>
	</source>
	<size>
		<width>900</width>
		<height>599</height>
		<depth>3</depth>
	</size>
	<object>
		<name>잡곡밥</name>
		<pose>Unspecified</pose>
		<truncated>Unspecified</truncated>
		<difficult>Unspecified</difficult>
		<bndbox>
			<xmin>484</xmin>
			<ymin>98</ymin>
			<xmax>716</xmax>
			<ymax>260</ymax>
		</bndbox>
	</object>
</annotation>