<annotation>
	<folder>my-project-name</folder>
	<filename>Img_076_0093.jpg</filename>
	<path>/my-project-name/Img_076_0093.jpg</path>
	<source>
		<database>Unspecified</database>
	</source>
	<size>
		<width>690</width>
		<height>428</height>
		<depth>3</depth>
	</size>
	<object>
		<name>잡곡밥</name>
		<pose>Unspecified</pose>
		<truncated>Unspecified</truncated>
		<difficult>Unspecified</difficult>
		<bndbox>
			<xmin>143</xmin>
			<ymin>103</ymin>
			<xmax>531</xmax>
			<ymax>278</ymax>
		</bndbox>
	</object>
</annotation>