<annotation>
	<folder>my-project-name</folder>
	<filename>Img_076_0036.jpg</filename>
	<path>/my-project-name/Img_076_0036.jpg</path>
	<source>
		<database>Unspecified</database>
	</source>
	<size>
		<width>200</width>
		<height>200</height>
		<depth>3</depth>
	</size>
	<object>
		<name>잡곡밥</name>
		<pose>Unspecified</pose>
		<truncated>Unspecified</truncated>
		<difficult>Unspecified</difficult>
		<bndbox>
			<xmin>20</xmin>
			<ymin>37</ymin>
			<xmax>183</xmax>
			<ymax>132</ymax>
		</bndbox>
	</object>
</annotation>