<annotation>
	<folder>my-project-name</folder>
	<filename>Img_076_0008.jpg</filename>
	<path>/my-project-name/Img_076_0008.jpg</path>
	<source>
		<database>Unspecified</database>
	</source>
	<size>
		<width>546</width>
		<height>410</height>
		<depth>3</depth>
	</size>
	<object>
		<name>잡곡밥</name>
		<pose>Unspecified</pose>
		<truncated>Unspecified</truncated>
		<difficult>Unspecified</difficult>
		<bndbox>
			<xmin>110</xmin>
			<ymin>69</ymin>
			<xmax>459</xmax>
			<ymax>374</ymax>
		</bndbox>
	</object>
</annotation>