<annotation>
	<folder>my-project-name</folder>
	<filename>Img_076_0132.jpg</filename>
	<path>/my-project-name/Img_076_0132.jpg</path>
	<source>
		<database>Unspecified</database>
	</source>
	<size>
		<width>550</width>
		<height>413</height>
		<depth>3</depth>
	</size>
	<object>
		<name>잡곡밥</name>
		<pose>Unspecified</pose>
		<truncated>Unspecified</truncated>
		<difficult>Unspecified</difficult>
		<bndbox>
			<xmin>0</xmin>
			<ymin>40</ymin>
			<xmax>550</xmax>
			<ymax>413</ymax>
		</bndbox>
	</object>
</annotation>