<annotation>
	<folder>my-project-name</folder>
	<filename>Img_076_0166.jpg</filename>
	<path>/my-project-name/Img_076_0166.jpg</path>
	<source>
		<database>Unspecified</database>
	</source>
	<size>
		<width>634</width>
		<height>422</height>
		<depth>3</depth>
	</size>
	<object>
		<name>잡곡밥</name>
		<pose>Unspecified</pose>
		<truncated>Unspecified</truncated>
		<difficult>Unspecified</difficult>
		<bndbox>
			<xmin>41</xmin>
			<ymin>10</ymin>
			<xmax>520</xmax>
			<ymax>413</ymax>
		</bndbox>
	</object>
</annotation>