<annotation>
	<folder>my-project-name</folder>
	<filename>Img_076_0218.jpg</filename>
	<path>/my-project-name/Img_076_0218.jpg</path>
	<source>
		<database>Unspecified</database>
	</source>
	<size>
		<width>383</width>
		<height>342</height>
		<depth>3</depth>
	</size>
	<object>
		<name>잡곡밥</name>
		<pose>Unspecified</pose>
		<truncated>Unspecified</truncated>
		<difficult>Unspecified</difficult>
		<bndbox>
			<xmin>45</xmin>
			<ymin>55</ymin>
			<xmax>342</xmax>
			<ymax>241</ymax>
		</bndbox>
	</object>
</annotation>