<annotation>
	<folder>my-project-name</folder>
	<filename>Img_076_0128.jpg</filename>
	<path>/my-project-name/Img_076_0128.jpg</path>
	<source>
		<database>Unspecified</database>
	</source>
	<size>
		<width>640</width>
		<height>480</height>
		<depth>3</depth>
	</size>
	<object>
		<name>잡곡밥</name>
		<pose>Unspecified</pose>
		<truncated>Unspecified</truncated>
		<difficult>Unspecified</difficult>
		<bndbox>
			<xmin>110</xmin>
			<ymin>57</ymin>
			<xmax>552</xmax>
			<ymax>266</ymax>
		</bndbox>
	</object>
</annotation>