<annotation>
	<folder>my-project-name</folder>
	<filename>Img_076_0165.jpg</filename>
	<path>/my-project-name/Img_076_0165.jpg</path>
	<source>
		<database>Unspecified</database>
	</source>
	<size>
		<width>640</width>
		<height>427</height>
		<depth>3</depth>
	</size>
	<object>
		<name>잡곡밥</name>
		<pose>Unspecified</pose>
		<truncated>Unspecified</truncated>
		<difficult>Unspecified</difficult>
		<bndbox>
			<xmin>54</xmin>
			<ymin>19</ymin>
			<xmax>480</xmax>
			<ymax>316</ymax>
		</bndbox>
	</object>
</annotation>