<annotation>
	<folder>my-project-name</folder>
	<filename>Img_076_0137.jpg</filename>
	<path>/my-project-name/Img_076_0137.jpg</path>
	<source>
		<database>Unspecified</database>
	</source>
	<size>
		<width>800</width>
		<height>486</height>
		<depth>3</depth>
	</size>
	<object>
		<name>잡곡밥</name>
		<pose>Unspecified</pose>
		<truncated>Unspecified</truncated>
		<difficult>Unspecified</difficult>
		<bndbox>
			<xmin>50</xmin>
			<ymin>196</ymin>
			<xmax>315</xmax>
			<ymax>362</ymax>
		</bndbox>
	</object>
</annotation>