<annotation>
	<folder>my-project-name</folder>
	<filename>Img_076_0042.JPG</filename>
	<path>/my-project-name/Img_076_0042.JPG</path>
	<source>
		<database>Unspecified</database>
	</source>
	<size>
		<width>900</width>
		<height>1344</height>
		<depth>3</depth>
	</size>
	<object>
		<name>잡곡밥</name>
		<pose>Unspecified</pose>
		<truncated>Unspecified</truncated>
		<difficult>Unspecified</difficult>
		<bndbox>
			<xmin>27</xmin>
			<ymin>474</ymin>
			<xmax>892</xmax>
			<ymax>1125</ymax>
		</bndbox>
	</object>
</annotation>