<annotation>
	<folder>my-project-name</folder>
	<filename>Img_076_0179.jpg</filename>
	<path>/my-project-name/Img_076_0179.jpg</path>
	<source>
		<database>Unspecified</database>
	</source>
	<size>
		<width>600</width>
		<height>394</height>
		<depth>3</depth>
	</size>
	<object>
		<name>잡곡밥</name>
		<pose>Unspecified</pose>
		<truncated>Unspecified</truncated>
		<difficult>Unspecified</difficult>
		<bndbox>
			<xmin>83</xmin>
			<ymin>87</ymin>
			<xmax>443</xmax>
			<ymax>270</ymax>
		</bndbox>
	</object>
</annotation>