<annotation>
	<folder>my-project-name</folder>
	<filename>Img_076_0215.jpg</filename>
	<path>/my-project-name/Img_076_0215.jpg</path>
	<source>
		<database>Unspecified</database>
	</source>
	<size>
		<width>1900</width>
		<height>1069</height>
		<depth>3</depth>
	</size>
	<object>
		<name>잡곡밥</name>
		<pose>Unspecified</pose>
		<truncated>Unspecified</truncated>
		<difficult>Unspecified</difficult>
		<bndbox>
			<xmin>344</xmin>
			<ymin>326</ymin>
			<xmax>1551</xmax>
			<ymax>947</ymax>
		</bndbox>
	</object>
</annotation>