<annotation>
	<folder>my-project-name</folder>
	<filename>Img_076_0107.jpg</filename>
	<path>/my-project-name/Img_076_0107.jpg</path>
	<source>
		<database>Unspecified</database>
	</source>
	<size>
		<width>773</width>
		<height>563</height>
		<depth>3</depth>
	</size>
	<object>
		<name>잡곡밥</name>
		<pose>Unspecified</pose>
		<truncated>Unspecified</truncated>
		<difficult>Unspecified</difficult>
		<bndbox>
			<xmin>95</xmin>
			<ymin>47</ymin>
			<xmax>659</xmax>
			<ymax>464</ymax>
		</bndbox>
	</object>
</annotation>