<annotation>
	<folder>my-project-name</folder>
	<filename>Img_076_0194.jpg</filename>
	<path>/my-project-name/Img_076_0194.jpg</path>
	<source>
		<database>Unspecified</database>
	</source>
	<size>
		<width>700</width>
		<height>263</height>
		<depth>3</depth>
	</size>
	<object>
		<name>잡곡밥</name>
		<pose>Unspecified</pose>
		<truncated>Unspecified</truncated>
		<difficult>Unspecified</difficult>
		<bndbox>
			<xmin>367</xmin>
			<ymin>19</ymin>
			<xmax>700</xmax>
			<ymax>221</ymax>
		</bndbox>
	</object>
	<object>
		<name>잡곡밥</name>
		<pose>Unspecified</pose>
		<truncated>Unspecified</truncated>
		<difficult>Unspecified</difficult>
		<bndbox>
			<xmin>71</xmin>
			<ymin>41</ymin>
			<xmax>300</xmax>
			<ymax>181</ymax>
		</bndbox>
	</object>
</annotation>