<annotation>
	<folder>my-project-name</folder>
	<filename>Img_076_0253.jpg</filename>
	<path>/my-project-name/Img_076_0253.jpg</path>
	<source>
		<database>Unspecified</database>
	</source>
	<size>
		<width>640</width>
		<height>640</height>
		<depth>3</depth>
	</size>
	<object>
		<name>잡곡밥</name>
		<pose>Unspecified</pose>
		<truncated>Unspecified</truncated>
		<difficult>Unspecified</difficult>
		<bndbox>
			<xmin>246</xmin>
			<ymin>311</ymin>
			<xmax>602</xmax>
			<ymax>640</ymax>
		</bndbox>
	</object>
</annotation>