<annotation>
	<folder>my-project-name</folder>
	<filename>Img_076_0238.jpg</filename>
	<path>/my-project-name/Img_076_0238.jpg</path>
	<source>
		<database>Unspecified</database>
	</source>
	<size>
		<width>750</width>
		<height>500</height>
		<depth>3</depth>
	</size>
	<object>
		<name>잡곡밥</name>
		<pose>Unspecified</pose>
		<truncated>Unspecified</truncated>
		<difficult>Unspecified</difficult>
		<bndbox>
			<xmin>89</xmin>
			<ymin>175</ymin>
			<xmax>355</xmax>
			<ymax>411</ymax>
		</bndbox>
	</object>
	<object>
		<name>잡곡밥</name>
		<pose>Unspecified</pose>
		<truncated>Unspecified</truncated>
		<difficult>Unspecified</difficult>
		<bndbox>
			<xmin>391</xmin>
			<ymin>142</ymin>
			<xmax>666</xmax>
			<ymax>380</ymax>
		</bndbox>
	</object>
</annotation>