<annotation>
	<folder>my-project-name</folder>
	<filename>Img_076_0023.jpg</filename>
	<path>/my-project-name/Img_076_0023.jpg</path>
	<source>
		<database>Unspecified</database>
	</source>
	<size>
		<width>517</width>
		<height>397</height>
		<depth>3</depth>
	</size>
	<object>
		<name>잡곡밥</name>
		<pose>Unspecified</pose>
		<truncated>Unspecified</truncated>
		<difficult>Unspecified</difficult>
		<bndbox>
			<xmin>4</xmin>
			<ymin>6</ymin>
			<xmax>510</xmax>
			<ymax>389</ymax>
		</bndbox>
	</object>
</annotation>