<annotation>
	<folder>my-project-name</folder>
	<filename>Img_076_0044.JPG</filename>
	<path>/my-project-name/Img_076_0044.JPG</path>
	<source>
		<database>Unspecified</database>
	</source>
	<size>
		<width>900</width>
		<height>1208</height>
		<depth>3</depth>
	</size>
	<object>
		<name>잡곡밥</name>
		<pose>Unspecified</pose>
		<truncated>Unspecified</truncated>
		<difficult>Unspecified</difficult>
		<bndbox>
			<xmin>20</xmin>
			<ymin>2</ymin>
			<xmax>823</xmax>
			<ymax>564</ymax>
		</bndbox>
	</object>
	<object>
		<name>잡곡밥</name>
		<pose>Unspecified</pose>
		<truncated>Unspecified</truncated>
		<difficult>Unspecified</difficult>
		<bndbox>
			<xmin>136</xmin>
			<ymin>625</ymin>
			<xmax>789</xmax>
			<ymax>1170</ymax>
		</bndbox>
	</object>
</annotation>