<annotation>
	<folder>my-project-name</folder>
	<filename>Img_076_0048.jpg</filename>
	<path>/my-project-name/Img_076_0048.jpg</path>
	<source>
		<database>Unspecified</database>
	</source>
	<size>
		<width>1134</width>
		<height>752</height>
		<depth>3</depth>
	</size>
	<object>
		<name>잡곡밥</name>
		<pose>Unspecified</pose>
		<truncated>Unspecified</truncated>
		<difficult>Unspecified</difficult>
		<bndbox>
			<xmin>212</xmin>
			<ymin>152</ymin>
			<xmax>920</xmax>
			<ymax>662</ymax>
		</bndbox>
	</object>
</annotation>