<annotation>
	<folder>my-project-name</folder>
	<filename>Img_076_0049.jpg</filename>
	<path>/my-project-name/Img_076_0049.jpg</path>
	<source>
		<database>Unspecified</database>
	</source>
	<size>
		<width>774</width>
		<height>514</height>
		<depth>3</depth>
	</size>
	<object>
		<name>잡곡밥</name>
		<pose>Unspecified</pose>
		<truncated>Unspecified</truncated>
		<difficult>Unspecified</difficult>
		<bndbox>
			<xmin>131</xmin>
			<ymin>72</ymin>
			<xmax>625</xmax>
			<ymax>437</ymax>
		</bndbox>
	</object>
</annotation>