<annotation>
	<folder>my-project-name</folder>
	<filename>Img_076_0162.jpg</filename>
	<path>/my-project-name/Img_076_0162.jpg</path>
	<source>
		<database>Unspecified</database>
	</source>
	<size>
		<width>1024</width>
		<height>1365</height>
		<depth>3</depth>
	</size>
	<object>
		<name>잡곡밥</name>
		<pose>Unspecified</pose>
		<truncated>Unspecified</truncated>
		<difficult>Unspecified</difficult>
		<bndbox>
			<xmin>9</xmin>
			<ymin>9</ymin>
			<xmax>1024</xmax>
			<ymax>1365</ymax>
		</bndbox>
	</object>
</annotation>