<annotation>
	<folder>my-project-name</folder>
	<filename>Img_076_0145.jpg</filename>
	<path>/my-project-name/Img_076_0145.jpg</path>
	<source>
		<database>Unspecified</database>
	</source>
	<size>
		<width>550</width>
		<height>317</height>
		<depth>3</depth>
	</size>
	<object>
		<name>잡곡밥</name>
		<pose>Unspecified</pose>
		<truncated>Unspecified</truncated>
		<difficult>Unspecified</difficult>
		<bndbox>
			<xmin>28</xmin>
			<ymin>129</ymin>
			<xmax>183</xmax>
			<ymax>281</ymax>
		</bndbox>
	</object>
	<object>
		<name>잡곡밥</name>
		<pose>Unspecified</pose>
		<truncated>Unspecified</truncated>
		<difficult>Unspecified</difficult>
		<bndbox>
			<xmin>233</xmin>
			<ymin>127</ymin>
			<xmax>373</xmax>
			<ymax>274</ymax>
		</bndbox>
	</object>
	<object>
		<name>잡곡밥</name>
		<pose>Unspecified</pose>
		<truncated>Unspecified</truncated>
		<difficult>Unspecified</difficult>
		<bndbox>
			<xmin>402</xmin>
			<ymin>143</ymin>
			<xmax>533</xmax>
			<ymax>271</ymax>
		</bndbox>
	</object>
</annotation>