<annotation>
	<folder>my-project-name</folder>
	<filename>Img_076_0059.jpg</filename>
	<path>/my-project-name/Img_076_0059.jpg</path>
	<source>
		<database>Unspecified</database>
	</source>
	<size>
		<width>375</width>
		<height>500</height>
		<depth>3</depth>
	</size>
	<object>
		<name>잡곡밥</name>
		<pose>Unspecified</pose>
		<truncated>Unspecified</truncated>
		<difficult>Unspecified</difficult>
		<bndbox>
			<xmin>146</xmin>
			<ymin>15</ymin>
			<xmax>268</xmax>
			<ymax>134</ymax>
		</bndbox>
	</object>
</annotation>