<annotation>
	<folder>my-project-name</folder>
	<filename>Img_076_0196.jpg</filename>
	<path>/my-project-name/Img_076_0196.jpg</path>
	<source>
		<database>Unspecified</database>
	</source>
	<size>
		<width>640</width>
		<height>427</height>
		<depth>3</depth>
	</size>
	<object>
		<name>잡곡밥</name>
		<pose>Unspecified</pose>
		<truncated>Unspecified</truncated>
		<difficult>Unspecified</difficult>
		<bndbox>
			<xmin>147</xmin>
			<ymin>83</ymin>
			<xmax>460</xmax>
			<ymax>305</ymax>
		</bndbox>
	</object>
</annotation>