<annotation>
	<folder>my-project-name</folder>
	<filename>Img_076_0016.jpg</filename>
	<path>/my-project-name/Img_076_0016.jpg</path>
	<source>
		<database>Unspecified</database>
	</source>
	<size>
		<width>240</width>
		<height>372</height>
		<depth>3</depth>
	</size>
	<object>
		<name>잡곡밥</name>
		<pose>Unspecified</pose>
		<truncated>Unspecified</truncated>
		<difficult>Unspecified</difficult>
		<bndbox>
			<xmin>43</xmin>
			<ymin>157</ymin>
			<xmax>198</xmax>
			<ymax>269</ymax>
		</bndbox>
	</object>
</annotation>