<annotation>
	<folder>my-project-name</folder>
	<filename>Img_076_0220.jpg</filename>
	<path>/my-project-name/Img_076_0220.jpg</path>
	<source>
		<database>Unspecified</database>
	</source>
	<size>
		<width>740</width>
		<height>491</height>
		<depth>3</depth>
	</size>
	<object>
		<name>잡곡밥</name>
		<pose>Unspecified</pose>
		<truncated>Unspecified</truncated>
		<difficult>Unspecified</difficult>
		<bndbox>
			<xmin>210</xmin>
			<ymin>140</ymin>
			<xmax>505</xmax>
			<ymax>371</ymax>
		</bndbox>
	</object>
</annotation>