<annotation>
	<folder>my-project-name</folder>
	<filename>Img_076_0105.jpg</filename>
	<path>/my-project-name/Img_076_0105.jpg</path>
	<source>
		<database>Unspecified</database>
	</source>
	<size>
		<width>500</width>
		<height>333</height>
		<depth>3</depth>
	</size>
	<object>
		<name>잡곡밥</name>
		<pose>Unspecified</pose>
		<truncated>Unspecified</truncated>
		<difficult>Unspecified</difficult>
		<bndbox>
			<xmin>2</xmin>
			<ymin>55</ymin>
			<xmax>376</xmax>
			<ymax>327</ymax>
		</bndbox>
	</object>
</annotation>