<annotation>
	<folder>my-project-name</folder>
	<filename>Img_076_0070.jpg</filename>
	<path>/my-project-name/Img_076_0070.jpg</path>
	<source>
		<database>Unspecified</database>
	</source>
	<size>
		<width>743</width>
		<height>417</height>
		<depth>3</depth>
	</size>
	<object>
		<name>잡곡밥</name>
		<pose>Unspecified</pose>
		<truncated>Unspecified</truncated>
		<difficult>Unspecified</difficult>
		<bndbox>
			<xmin>45</xmin>
			<ymin>5</ymin>
			<xmax>700</xmax>
			<ymax>415</ymax>
		</bndbox>
	</object>
</annotation>