<annotation>
	<folder>my-project-name</folder>
	<filename>Img_076_0116.jpg</filename>
	<path>/my-project-name/Img_076_0116.jpg</path>
	<source>
		<database>Unspecified</database>
	</source>
	<size>
		<width>740</width>
		<height>492</height>
		<depth>3</depth>
	</size>
	<object>
		<name>잡곡밥</name>
		<pose>Unspecified</pose>
		<truncated>Unspecified</truncated>
		<difficult>Unspecified</difficult>
		<bndbox>
			<xmin>209</xmin>
			<ymin>96</ymin>
			<xmax>584</xmax>
			<ymax>408</ymax>
		</bndbox>
	</object>
</annotation>