<annotation>
	<folder>my-project-name</folder>
	<filename>Img_076_0139.jpg</filename>
	<path>/my-project-name/Img_076_0139.jpg</path>
	<source>
		<database>Unspecified</database>
	</source>
	<size>
		<width>674</width>
		<height>457</height>
		<depth>3</depth>
	</size>
	<object>
		<name>잡곡밥</name>
		<pose>Unspecified</pose>
		<truncated>Unspecified</truncated>
		<difficult>Unspecified</difficult>
		<bndbox>
			<xmin>153</xmin>
			<ymin>81</ymin>
			<xmax>513</xmax>
			<ymax>373</ymax>
		</bndbox>
	</object>
</annotation>