<annotation>
	<folder>my-project-name</folder>
	<filename>Img_076_0117.jpg</filename>
	<path>/my-project-name/Img_076_0117.jpg</path>
	<source>
		<database>Unspecified</database>
	</source>
	<size>
		<width>500</width>
		<height>281</height>
		<depth>3</depth>
	</size>
	<object>
		<name>잡곡밥</name>
		<pose>Unspecified</pose>
		<truncated>Unspecified</truncated>
		<difficult>Unspecified</difficult>
		<bndbox>
			<xmin>34</xmin>
			<ymin>0</ymin>
			<xmax>424</xmax>
			<ymax>277</ymax>
		</bndbox>
	</object>
</annotation>