<annotation>
	<folder>my-project-name</folder>
	<filename>Img_076_0140.jpg</filename>
	<path>/my-project-name/Img_076_0140.jpg</path>
	<source>
		<database>Unspecified</database>
	</source>
	<size>
		<width>3840</width>
		<height>2560</height>
		<depth>3</depth>
	</size>
	<object>
		<name>잡곡밥</name>
		<pose>Unspecified</pose>
		<truncated>Unspecified</truncated>
		<difficult>Unspecified</difficult>
		<bndbox>
			<xmin>709</xmin>
			<ymin>615</ymin>
			<xmax>3235</xmax>
			<ymax>2451</ymax>
		</bndbox>
	</object>
</annotation>