<annotation>
	<folder>my-project-name</folder>
	<filename>Img_076_0102.jpg</filename>
	<path>/my-project-name/Img_076_0102.jpg</path>
	<source>
		<database>Unspecified</database>
	</source>
	<size>
		<width>630</width>
		<height>378</height>
		<depth>3</depth>
	</size>
	<object>
		<name>잡곡밥</name>
		<pose>Unspecified</pose>
		<truncated>Unspecified</truncated>
		<difficult>Unspecified</difficult>
		<bndbox>
			<xmin>124</xmin>
			<ymin>22</ymin>
			<xmax>510</xmax>
			<ymax>335</ymax>
		</bndbox>
	</object>
</annotation>