<annotation>
	<folder>my-project-name</folder>
	<filename>Img_076_0223.jpg</filename>
	<path>/my-project-name/Img_076_0223.jpg</path>
	<source>
		<database>Unspecified</database>
	</source>
	<size>
		<width>600</width>
		<height>478</height>
		<depth>3</depth>
	</size>
	<object>
		<name>잡곡밥</name>
		<pose>Unspecified</pose>
		<truncated>Unspecified</truncated>
		<difficult>Unspecified</difficult>
		<bndbox>
			<xmin>267</xmin>
			<ymin>43</ymin>
			<xmax>562</xmax>
			<ymax>443</ymax>
		</bndbox>
	</object>
</annotation>