<annotation>
	<folder>my-project-name</folder>
	<filename>Img_076_0108.jpg</filename>
	<path>/my-project-name/Img_076_0108.jpg</path>
	<source>
		<database>Unspecified</database>
	</source>
	<size>
		<width>813</width>
		<height>542</height>
		<depth>3</depth>
	</size>
	<object>
		<name>잡곡밥</name>
		<pose>Unspecified</pose>
		<truncated>Unspecified</truncated>
		<difficult>Unspecified</difficult>
		<bndbox>
			<xmin>7</xmin>
			<ymin>81</ymin>
			<xmax>697</xmax>
			<ymax>536</ymax>
		</bndbox>
	</object>
</annotation>