<annotation>
	<folder>my-project-name</folder>
	<filename>Img_076_0011.jpg</filename>
	<path>/my-project-name/Img_076_0011.jpg</path>
	<source>
		<database>Unspecified</database>
	</source>
	<size>
		<width>317</width>
		<height>239</height>
		<depth>3</depth>
	</size>
	<object>
		<name>잡곡밥</name>
		<pose>Unspecified</pose>
		<truncated>Unspecified</truncated>
		<difficult>Unspecified</difficult>
		<bndbox>
			<xmin>43</xmin>
			<ymin>24</ymin>
			<xmax>267</xmax>
			<ymax>226</ymax>
		</bndbox>
	</object>
</annotation>