<annotation>
	<folder>my-project-name</folder>
	<filename>Img_076_0037.png</filename>
	<path>/my-project-name/Img_076_0037.png</path>
	<source>
		<database>Unspecified</database>
	</source>
	<size>
		<width>720</width>
		<height>539</height>
		<depth>3</depth>
	</size>
	<object>
		<name>잡곡밥</name>
		<pose>Unspecified</pose>
		<truncated>Unspecified</truncated>
		<difficult>Unspecified</difficult>
		<bndbox>
			<xmin>214</xmin>
			<ymin>281</ymin>
			<xmax>424</xmax>
			<ymax>488</ymax>
		</bndbox>
	</object>
</annotation>