<annotation>
	<folder>my-project-name</folder>
	<filename>Img_076_0086.jpg</filename>
	<path>/my-project-name/Img_076_0086.jpg</path>
	<source>
		<database>Unspecified</database>
	</source>
	<size>
		<width>493</width>
		<height>413</height>
		<depth>3</depth>
	</size>
	<object>
		<name>잡곡밥</name>
		<pose>Unspecified</pose>
		<truncated>Unspecified</truncated>
		<difficult>Unspecified</difficult>
		<bndbox>
			<xmin>45</xmin>
			<ymin>78</ymin>
			<xmax>436</xmax>
			<ymax>353</ymax>
		</bndbox>
	</object>
</annotation>