<annotation>
	<folder>my-project-name</folder>
	<filename>Img_076_0075.jpg</filename>
	<path>/my-project-name/Img_076_0075.jpg</path>
	<source>
		<database>Unspecified</database>
	</source>
	<size>
		<width>764</width>
		<height>509</height>
		<depth>3</depth>
	</size>
	<object>
		<name>잡곡밥</name>
		<pose>Unspecified</pose>
		<truncated>Unspecified</truncated>
		<difficult>Unspecified</difficult>
		<bndbox>
			<xmin>163</xmin>
			<ymin>84</ymin>
			<xmax>623</xmax>
			<ymax>403</ymax>
		</bndbox>
	</object>
</annotation>