<annotation>
	<folder>my-project-name</folder>
	<filename>Img_076_0124.jpg</filename>
	<path>/my-project-name/Img_076_0124.jpg</path>
	<source>
		<database>Unspecified</database>
	</source>
	<size>
		<width>740</width>
		<height>986</height>
		<depth>3</depth>
	</size>
	<object>
		<name>잡곡밥</name>
		<pose>Unspecified</pose>
		<truncated>Unspecified</truncated>
		<difficult>Unspecified</difficult>
		<bndbox>
			<xmin>44</xmin>
			<ymin>246</ymin>
			<xmax>667</xmax>
			<ymax>697</ymax>
		</bndbox>
	</object>
</annotation>