<annotation>
	<folder>my-project-name</folder>
	<filename>Img_076_0034.jpg</filename>
	<path>/my-project-name/Img_076_0034.jpg</path>
	<source>
		<database>Unspecified</database>
	</source>
	<size>
		<width>482</width>
		<height>321</height>
		<depth>3</depth>
	</size>
	<object>
		<name>잡곡밥</name>
		<pose>Unspecified</pose>
		<truncated>Unspecified</truncated>
		<difficult>Unspecified</difficult>
		<bndbox>
			<xmin>111</xmin>
			<ymin>48</ymin>
			<xmax>381</xmax>
			<ymax>223</ymax>
		</bndbox>
	</object>
</annotation>