<annotation>
	<folder>my-project-name</folder>
	<filename>Img_076_0204.jpg</filename>
	<path>/my-project-name/Img_076_0204.jpg</path>
	<source>
		<database>Unspecified</database>
	</source>
	<size>
		<width>728</width>
		<height>546</height>
		<depth>3</depth>
	</size>
	<object>
		<name>잡곡밥</name>
		<pose>Unspecified</pose>
		<truncated>Unspecified</truncated>
		<difficult>Unspecified</difficult>
		<bndbox>
			<xmin>193</xmin>
			<ymin>240</ymin>
			<xmax>371</xmax>
			<ymax>420</ymax>
		</bndbox>
	</object>
</annotation>