<annotation>
	<folder>my-project-name</folder>
	<filename>Img_076_0163.jpg</filename>
	<path>/my-project-name/Img_076_0163.jpg</path>
	<source>
		<database>Unspecified</database>
	</source>
	<size>
		<width>740</width>
		<height>416</height>
		<depth>3</depth>
	</size>
	<object>
		<name>잡곡밥</name>
		<pose>Unspecified</pose>
		<truncated>Unspecified</truncated>
		<difficult>Unspecified</difficult>
		<bndbox>
			<xmin>73</xmin>
			<ymin>5</ymin>
			<xmax>718</xmax>
			<ymax>415</ymax>
		</bndbox>
	</object>
</annotation>