<annotation>
	<folder>my-project-name</folder>
	<filename>Img_076_0053.jpg</filename>
	<path>/my-project-name/Img_076_0053.jpg</path>
	<source>
		<database>Unspecified</database>
	</source>
	<size>
		<width>500</width>
		<height>375</height>
		<depth>3</depth>
	</size>
	<object>
		<name>잡곡밥</name>
		<pose>Unspecified</pose>
		<truncated>Unspecified</truncated>
		<difficult>Unspecified</difficult>
		<bndbox>
			<xmin>124</xmin>
			<ymin>5</ymin>
			<xmax>405</xmax>
			<ymax>198</ymax>
		</bndbox>
	</object>
</annotation>