<annotation>
	<folder>my-project-name</folder>
	<filename>Img_076_0072.jpg</filename>
	<path>/my-project-name/Img_076_0072.jpg</path>
	<source>
		<database>Unspecified</database>
	</source>
	<size>
		<width>500</width>
		<height>457</height>
		<depth>3</depth>
	</size>
	<object>
		<name>잡곡밥</name>
		<pose>Unspecified</pose>
		<truncated>Unspecified</truncated>
		<difficult>Unspecified</difficult>
		<bndbox>
			<xmin>45</xmin>
			<ymin>46</ymin>
			<xmax>454</xmax>
			<ymax>431</ymax>
		</bndbox>
	</object>
</annotation>