<annotation>
	<folder>my-project-name</folder>
	<filename>Img_076_0047.JPG</filename>
	<path>/my-project-name/Img_076_0047.JPG</path>
	<source>
		<database>Unspecified</database>
	</source>
	<size>
		<width>800</width>
		<height>1066</height>
		<depth>3</depth>
	</size>
	<object>
		<name>잡곡밥</name>
		<pose>Unspecified</pose>
		<truncated>Unspecified</truncated>
		<difficult>Unspecified</difficult>
		<bndbox>
			<xmin>183</xmin>
			<ymin>212</ymin>
			<xmax>800</xmax>
			<ymax>937</ymax>
		</bndbox>
	</object>
</annotation>